ID,ENG
text_tutorial_intro_1,This is the background Warrior.
text_tutorial_intro_2,He will keep fighting even when you are not looking.
text_tutorial_intro_3,Defeat monsters to advance the stages.
text_tutorial_intro_4,"Once all the stages are cleared, a new map will be unlocked."
text_tutorial_intro_5,On the right side of the screen you will find various menus.
text_tutorial_intro_6,Click on the STATS icon to increase stats level.
text_tutorial_intro_7,"If you want to select a different job, click on the JOB icon."
text_tutorial_intro_8,You can find more informations about jobs in the HELP section of the SETTINGS menu.
text_tutorial_intro_9,Check your items using the INVENTORY icon.
text_tutorial_intro_10,Click on the QUESTS icon to check your progress and claim your rewards.
text_tutorial_intro_11,Spend Bits in the shop to purchase cards and jobs.
text_name_class_warrior,Warrior
text_name_class_miner,Miner
text_name_class_fisher,Fisher
text_name_class_farmer,Farmer
text_name_class_blacksmith,Blacksmith
text_name_warrior_stat_maxhp,Max Hp
text_name_warrior_stat_atk,Atk
text_name_warrior_stat_def,Def
text_name_warrior_stat_atkspd,Atk Spd
text_name_warrior_stat_critrate,Crit Rate
text_name_warrior_stat_critdmg,Crit Dmg
text_name_warrior_stat_luck,Luck
text_name_miner_stat_power,Power
text_name_miner_stat_smashspeed,Smash Speed
text_name_miner_stat_shockwave,Shockwave
text_name_miner_stat_luck,Luck
text_name_blacksmith_stat_craftspeed,Craft Speed
text_name_blacksmith_stat_efficiency,Efficiency
text_name_blacksmith_stat_luck,Luck
text_name_blacksmith_stat_metallurgy,Metallurgy
text_name_fisher_stat_calmness,Calmness
text_name_fisher_stat_reflex,Reflex
text_name_fisher_stat_knowledge,Knowledge
text_name_fisher_stat_luck,Luck
text_name_farmer_stat_greenthumb,Greenthumb
text_name_farmer_stat_agronomy,Agronomy
text_name_farmer_stat_kindness,Kindness
text_name_farmer_stat_luck,Luck
text_name_daymoment_morning,Morning
text_name_daymoment_afternoon,Afternoon
text_name_daymoment_evening,Evening
text_name_daymoment_night,Night
text_name_map0,Woods
text_name_map1,Cave
text_name_map2,Lakes
text_name_map3,Ruined Village
text_name_map4,Swamps
text_name_map5,Mountains
text_name_map6,Desert
text_name_map7,Sequoia Forest
text_name_map8,Shore
text_name_map9,Ruined City
text_name_card_rarity_common,Common
text_name_card_rarity_uncommon,Uncommon
text_name_card_rarity_rare,Rare
text_name_fish_rarity_riverfolk,Riverfolk
text_name_fish_rarity_deepwater,Deepwater
text_name_fish_rarity_tideborn,Tideborn
text_name_fish_rarity_ancient,Ancient
text_name_fish_rarity_mythic,Mythic
text_tooltip_panel_autobattle,"If this option is enabled, automatically advance to the next stage when all enemies are slayed, or retry the current stage in case of death"
text_tooltip_stat_warrior_maxhp,Increase Warrior max health
text_tooltip_stat_warrior_atk,Increase Warrior damage
text_tooltip_stat_warrior_def,Increase Warrior defense
text_tooltip_stat_warrior_atkspd,Increase Warrior attack speed
text_tooltip_stat_warrior_critrate,Increase Warrior critical rate
text_tooltip_stat_warrior_critdmg,Increase Warrior critical damage
text_tooltip_stat_warrior_luck,Increase Warrior critial rate AND chance of dropping cards from monsters
text_tooltip_stat_miner_power,Increase Miner damage to rocks
text_tooltip_stat_miner_smashspeed,Increase Miner smash speed
text_tooltip_stat_miner_shockwave,Increase Miner damage to nearby rocks
text_tooltip_stat_miner_luck,Increase Miner chance to drop loot from rocks
text_tooltip_stat_blacksmith_craftspeed,Increase Blacksmith crafting speed
text_tooltip_stat_blacksmith_efficiency,Increase Blacksmith chance to not consume materials when crafting
text_tooltip_stat_blacksmith_luck,Increase Blacksmith chance to craft extra materials
text_tooltip_stat_blacksmith_metallurgy,Increase by 1 the multiplier of extra materials crafted by the Blacksmith every 10 levels
text_tooltip_stat_fisher_calmness,Decrease Fisher waiting time for the next hook
text_tooltip_stat_fisher_reflex,Increase Fisher chance to catch the hooked fish
text_tooltip_stat_fisher_knowledge,Increase Fisher chance to hook a never caught fish
text_tooltip_stat_fisher_luck,Increase Fisher chance a rare fish comes into the lake
text_tooltip_stat_farmer_greenthumb,Increase Farmer crops growth
text_tooltip_stat_farmer_agronomy,Unlock a new seed for the Farmer to plant every 5 levels
text_tooltip_stat_farmer_kindness,Increase Farmer chance to encounter a companion
text_tooltip_stat_farmer_luck,Increase Farmer chance to befriend a companion
text_title_shop,Shop
text_title_quests,Quests
text_title_quests_bountieslist,Choose a bounty
text_title_settings,Settings
text_title_inventory,Inventory
text_title_inventory_convertlist,Select cards to convert
text_title_jobs,Jobs
text_title_jobs_back,<- Click here to go back to the job tree
text_title_jobs_warrior_maps,Maps
text_shop_insertredeeem,Insert the redeem code
text_shop_insertdebug,Insert the debug code
text_quest_desc_obtain_specific,Obtain {0} {1}
text_quest_desc_obtain_nonspecific,Obtain {0} {1}
text_quest_desc_levelup_specific_once,Level up {0} {1} time
text_quest_desc_levelup_specific_multiple,Level up {0} {1} times
text_quest_desc_levelup_nonspecific_once,Level up any stat {0} time
text_quest_desc_levelup_nonspecific_multiple,Level up any stat {0} times
text_quest_desc_unlockmap,Unlock {0} map
text_quest_desc_befriend_specific,Obtain {0} {1}
text_quest_desc_befriend_nonspecific,Obtain {0} companions
text_quest_reward_bounty,Reward: {0} bits
text_quest_desc_kill_specific,Kill {0} {1}
text_quest_desc_kill_nonspecific,Kill {0} monsters
text_settings_general_titlevolume,Volume
text_settings_general_titlelanguage,Language
text_settings_general_titleexit,Exit
text_settings_general_button_titlescreen,Title Screen
text_settings_general_button_quit,Quit
text_settings_general_lang_english,English
text_settings_general_lang_italian,Italiano
text_settings_gameplay_titlebattle,Battle
text_settings_gameplay_autobattle,Auto-Battle
text_settings_gameplay_titlehud,HUD
text_settings_gameplay_option_invertedhud,Inverted HUD
text_settings_gameplay_titlefloatinghud,Floating HUD
text_settings_gameplay_option_damage,Damage
text_settings_gameplay_option_itemcollected,Item Collected
text_settings_gameplay_option_tooltips,Tooltips
text_settings_gameplay_titleanimations,Animations
text_settings_gameplay_option_equipmentlevelup,Equipment Level Up
text_settings_gameplay_titlefisher,Fisher
text_settings_gameplay_option_invertfishingspot,Invert fishing spot
text_settings_gameplay_option_hidefishingbar,Hide fishing bar
text_settings_video_option_alwaysontop,Always on top
text_settings_video_option_clickthrough,Click through background
text_settings_video_titletargetfps,Target FPS
text_settings_video_option_toggle30,30 FPS
text_settings_video_option_toggle60,60 FPS
text_settings_video_button_changemonitor,Change Monitor
text_job_current_level,Lv. : {0}
text_job_available_points,Available points: {0}
text_job_current_stat_level,Lv. {0}
text_job_change_stat_level,Lv. {0} >> Lv. {1}
text_job_warrior_unlockconditions,None
text_job_miner_unlockconditions,None
text_job_fisher_unlockconditions,None
text_job_farmer_unlockconditions,Purchasable from the shop
text_job_blacksmith_unlockconditions,Collect at least 1 gold ore
text_job_warrior_mapstage,Stage: {0}/{1}
text_job_warrior_possiblemonsters,Possible monsters:<br>
text_job_miner_requirements_levelup,Requirements for level up
text_job_blacksmith_requirements_levelup,Requirements for level up
text_job_fisher_availablefishes,Current available fishes
text_job_fisher_caughtsession,Fishes caught in this session :
text_job_farmer_crop_basegrowthtime,Base growth time: {1}m{2}s<br>
text_job_farmer_crop_attracts,Attracts:<br>
text_job_farmer_crop_companiondesc,Equip companions that will help you defeating monsters
text_job_farmer_companion_cropdesc,Growing Crops
text_job_fisher_raritytooltip,<color=#{1}>{2}</color><br>
text_job_fisher_spawntime,Spawn time: {3}
text_button_new,New
text_button_continue,Continue
text_button_quit,Quit
text_button_buy,Buy
text_button_redeem,Redeem
text_button_debug,Debug
text_button_claim,Claim
text_button_selectbounty,--- Click to choose a bounty from the list ---
text_button_accept,Accept
text_button_convert,Convert
text_button_dismantle,Dismantle
text_button_dismantle_cancel,<- Cancel
text_button_quickselect,Quick Select
text_button_fight,Fight
text_button_levelup,Level up
text_button_gather,Gather
text_button_forge,Forge
text_button_farm,Farm
text_button_companions,Companions
text_button_crops,Crops
text_button_fish,Fish
text_button_revealall,Reveal All
text_button_shop_filter_cardpacks,Card Packs
text_button_shop_filter_jobs,Jobs
text_button_shop_filter_redeem,Redeem
text_button_shop_filter_debug,Debug
text_button_quests_filter_story,Story
text_button_quests_filter_daily,Daily
text_button_quests_filter_bounty,Bounty
text_button_settings_filter_general,General
text_button_settings_filter_gameplay,Gameplay
text_button_settings_filter_video,Video
text_button_settings_filter_credits,Credits
text_button_settings_filter_help,Help
text_button_help_filter_warrior,Warrior
text_button_help_filter_miner,Miner
text_button_help_filter_fisher,Fisher
text_button_help_filter_blacksmith,Blacksmith
text_button_help_filter_farmer,Farmer
text_button_inventory_filter_all,All
text_button_inventory_filter_ores,Ores
text_button_inventory_filter_metals,Metals
text_button_inventory_filter_fishes,Fishes
text_button_inventory_filter_cards,Cards
text_yesno_yes,Confirm
text_yesno_no,Cancel
text_yesno_newgame,"You already have an adventure in progress, starting a new game will erase your current save files.<br>Are you sure you want to continue?"
text_yesno_question_buy,Do you want to buy {0} for {1} bits?
text_yesno_question_titlescreen,Return to title screen?
text_yesno_question_quitgame,Close the game?