ID,ITA
text_item_copperore_desc,Copper Ore
text_item_ironore_desc,Iron Ore
text_item_bronzeore_desc,Bronze Ore
text_item_silverore_desc,Silver Ore
text_item_goldore_desc,Gold Ore
text_item_copper_desc,Copper
text_item_iron_desc,Iron
text_item_bronze_desc,Bronze
text_item_silver_desc,Silver
text_item_gold_desc,Gold
text_item_card_01_desc,Weakest type of monster. They were almost annihilated.
text_item_card_02_desc,"A creature with complete lack of intelligence. 100 years ago, they were used as training creatures."
text_item_card_03_desc,Some say they were once humans.
text_item_card_04_desc,"Ferocious beasts, their body parts were used to make weapons."
text_item_card_05_desc,Apex predators among monsters. Their skin was used to make clothes.
text_item_card_06_desc,"Every time they die, they improve."
text_item_card_07_desc,"Slightly more intelligent than regular orcs. When they kill an enemy, they also steal their armor."
text_item_card_08_desc,It was hard to take down. One of the least monsters summoned by the mysterious spell.
text_item_card_09_desc,The most intelligent among orcs. They can lead hundreds of their kin.
text_item_card_10_desc,"One of the most feared on the battlefield, hard to kill and stronger than simple soldiers."
text_item_card_11_desc,A mysterious spell scattered around the continent. Some men fell under its effects.
text_item_card_12_desc,"They used to heal monsters on the battlefield. 50 years later, humans became the minority."
text_item_card_13_desc,Creatures that came back. They were once human.
text_item_card_14_desc,"Once the most powerful soldiers. When wizards became corrupted, humans had to come up with a plan."
text_item_card_15_desc,"The monsters started mutating, making the continent their new home."
text_item_card_16_desc,"Sometimes monsters acted strangely. No fighting, no screaming, nothing… as if they were trying to recollect their thoughts."
text_item_card_17_desc,"After several wins on the battlefield, Orc are crowned as kings."
text_item_card_18_desc,Mutated monsters. They absorbed so much magic during their lifespan to reach a higher evolution.
text_item_card_19_desc,"Just like any other day, he was on duty guarding the city walls, and relaxing. Not a single monster in sight. Suddenly, he felt an ominous energy spreading around. Shortly after, he was witnessing the biggest swarm of enemies he'd ever seen."
text_item_card_20_desc,"He knew something was about to happen, a gut feeling. He was ready. And as soon as the guards sounded the alarm, he rushed outside the city walls, a strategy formed in his mind."
text_item_card_21_desc,"Because of him, some very wrong decisions were made during the war. Blinded by the power he held, he fully supported an all-out war, certain that humans would prevail once again."
text_item_card_22_desc,"Thanks to him, humans lived longer than expected. But even though he put all his effort into it, the monsters kept advancing. Their numbers wouldn't decrease, it felt like fighting an infinite army."
text_item_card_23_desc,"He was there when the war started, but he would not live enough to see its end. In 60 years, he trained so many, and many of them died. Before retirement, there was a rumor that some kind of ancient spell was going to save them all."
text_item_card_24_desc,"Always on the frontline, he stood against all kinds of monsters, turning into a symbol for all the humans still fighting. Before the war, he was a prime adventurer who loved exploring different ruins every day. During one of those explorations, he recovered an ancient tome."
text_item_card_25_desc,"Magic had no secrets for him. He learned every language, even the most ancient ones, to expand his knowledge. During the war, he was recruited to decipher an old tome that was recovered from some ruins."
text_item_card_26_desc,"First-class researcher and alchemist, she was recruited to use an ancient spell that would have put an end to the war. Not trusting the tome, she refused to take part in it. Her memories were blurry. She used to wake up at night, remembering different outcomes of that war, and wrote all her notes in a diary."
text_item_card_27_desc,"He woke up with no memories, and now he doesn't know who he is. All he can do is fight, because of a voice echoing in his head to do so. He doesn't want to fight, but he must, or else the voice won't stop."
text_item_card_28_desc,"No one knows who created them and why, but monsters keep crawling out of it. 100 years ago, some new circles spawned in different places."
text_item_card_29_desc,"The greatest sword ever created and companion of Titan. This sword proves the skills that humanity reached at its peak, even the strongest monster couldn't defend against it."
text_item_card_30_desc,The greatest scepter ever created and companion of Otto. This scepter shows the skills that humanity reached at its peak. A single spell could annihilate hundreds of monsters.
text_item_card_31_desc,"No author, the title is barely visible. History about peace, endless monsters, and a powerful spell. Only the strongest can handle it, and the more people use it, the faster are the effects."
text_item_card_32_desc,"""A human will be born, talented for all masteries. A curse upon them, a screaming voice telling them to fight. They will not die until the war is over""."
text_item_card_33_desc,"The alchemist Eris was having weird dreams; she started to take note of them. They won the war, they lost the war, there was never a war. Most of its pages were lost."
text_item_card_34_desc,Humans won for the 8th time.
text_item_card_35_desc,5th wave didn't respawned.
text_item_card_36_desc,"Debug.Log(""6"")."
text_item_card_37_desc,4 statuses.
text_item_card_38_desc,Skeleton id: 1.
text_item_card_39_desc,"I wrote down my memories into a new magical item of my creation. To whomever finds them, unveil the mysteries of my world."
text_item_card_40_desc,"The hero has been cursed, this screaming voice telling him to fight won't be silent. The only thing he can do is to keep going forward."
text_item_fish_01_desc,Progenetica
text_item_fish_02_desc,Pesce pagliaccio
text_item_fish_03_desc,Pesce chirurgo blu
text_item_fish_04_desc,Pesce chirurgo giallo
text_item_fish_05_desc,Pesce chirurgo gemma
text_item_fish_06_desc,Pesce chirurgo tigrato
text_item_fish_07_desc,Pesce angelo
text_item_fish_08_desc,Pesce angelo regina
text_item_fish_09_desc,Pesce angelo francese
text_item_fish_10_desc,Pesce rosso
text_item_fish_11_desc,Pesce combattente
text_item_fish_12_desc,Pesce gatto
text_item_fish_13_desc,Pesce palla
text_item_fish_14_desc,Pesce palla maculato
text_item_fish_15_desc,Pesce luna
text_item_fish_16_desc,Lambuga
text_item_fish_17_desc,Ghiozzo di Roule
text_item_fish_18_desc,Piranha rosso
text_item_fish_19_desc,Pesce leone
text_item_fish_20_desc,Scorfano rosso
text_item_fish_21_desc,Pesce pietra
text_item_fish_22_desc,Pesce volante
text_item_fish_23_desc,Pesce milione
text_item_fish_24_desc,Molly velifera
text_item_fish_25_desc,Pesce ragno
text_item_fish_26_desc,Salmone rosso
text_item_fish_27_desc,Salmone siberiano
text_item_fish_28_desc,Salmone atlantico
text_item_fish_29_desc,Salmone giapponese
text_item_fish_30_desc,Rana pescatrice
text_item_fish_31_desc,Diavolo nero
text_item_fish_32_desc,Pesce rana peloso
text_item_fish_33_desc,Carpa
text_item_fish_34_desc,Tinca
text_item_fish_35_desc,Carpa koi
text_item_fish_36_desc,Luccio di mare
text_item_fish_37_desc,Pesce cardinale
text_item_fish_38_desc,Tetra imperatore
text_item_fish_39_desc,Pesce zebra
text_item_fish_40_desc,Tetra nera
text_item_fish_41_desc,Pesce persico
text_item_fish_42_desc,Storione stellato
text_item_fish_43_desc,Storione di lago
text_item_fish_44_desc,Marlin striato
text_item_fish_45_desc,Pesce spada
text_item_fish_46_desc,Aguglia
text_item_fish_47_desc,Sarda
text_item_fish_48_desc,Aringa
text_item_fish_49_desc,Pezzogna
text_item_fish_50_desc,Orata
text_item_fish_51_desc,Merluzzo atlantico
text_item_fish_52_desc,Nasello
text_item_fish_53_desc,Tonno rosso
text_item_fish_54_desc,Luccio
text_item_fish_55_desc,Barbo
text_item_fish_56_desc,Barbo tigre
text_item_fish_57_desc,Barbo ciliegia
text_item_fish_58_desc,Pesce luna tropicale
text_item_fish_59_desc,Discus blu
text_item_fish_60_desc,Trota iridea
text_item_fish_61_desc,Murena a nastro
text_item_fish_62_desc,Murena gigante
text_item_fish_63_desc,Grongo
text_item_fish_64_desc,Seprente arlecchino
text_item_fish_65_desc,Pesce remo
text_item_fish_66_desc,Celacanto
text_item_fish_67_desc,Luccio dal naso lungo
text_item_fish_68_desc,Bichir sellato
text_item_fish_69_desc,Bichir del Senegal
text_item_fish_70_desc,Rombo
text_item_fish_71_desc,Spigola
text_item_fish_72_desc,Acciuga
text_item_fish_73_desc,Pesce Napoleone
text_item_fish_74_desc,Pastinaca
text_item_fish_75_desc,Squalo mako pinna corta
text_item_fish_76_desc,Lampreda di fiume
text_item_fish_77_desc,Pesce farfalla procione
text_item_fish_78_desc,Pesce trombetta
text_item_fish_79_desc,Coda di lira
text_item_fish_80_desc,Pesce freccia di fuoco
text_shopitem_cardpack01_desc,A humble card pack containing 3 cards.
text_shopitem_cardpack02_desc,A humble card pack containing 5 cards. An Uncommon card is guaranteed.
text_shopitem_cardpack03_desc,A fine card pack containing 8 cards. An Uncommon card is guaranteed.
text_shopitem_cardpack04_desc,A fine card pack containing 12 cards. An Uncommon card is guaranteed.
text_shopitem_cardpack05_desc,An elite card pack containing 15 cards. A Rare card is guaranteed.
text_shopitem_job_farmer_desc,Unlock the Farmer Class